1370223717393,220,/addlava.php,200,OK,Thread Group 1-1,text,true,191,220
1370223717495,211,/addlava.php,200,OK,Thread Group 1-2,text,true,191,211
1370223717614,126,/deletelava.php,200,OK,Thread Group 1-1,text,true,191,126
1370223717596,243,/addlava.php,200,OK,Thread Group 1-3,text,true,191,243
1370223717708,171,/deletelava.php,200,OK,Thread Group 1-2,text,true,191,171
1370223717741,174,/fetchreviews.php,200,OK,Thread Group 1-1,text,true,933,174
1370223717695,261,/addlava.php,200,OK,Thread Group 1-4,text,true,191,261
1370223717840,175,/deletelava.php,200,OK,Thread Group 1-3,text,true,191,175
1370223717880,275,/fetchreviews.php,200,OK,Thread Group 1-2,text,true,933,275
1370223717796,387,/addlava.php,200,OK,Thread Group 1-5,text,true,191,387
1370223717916,299,/fetchuserreview.php,200,OK,Thread Group 1-1,text,true,340,299
1370223717957,288,/deletelava.php,200,OK,Thread Group 1-4,text,true,191,288
1370223718016,308,/fetchreviews.php,200,OK,Thread Group 1-3,text,true,933,308
1370223717895,441,/addlava.php,200,OK,Thread Group 1-6,text,true,191,441
1370223717998,361,/addlava.php,200,OK,Thread Group 1-7,text,true,191,361
1370223718157,229,/fetchuserreview.php,200,OK,Thread Group 1-2,text,true,340,229
1370223718183,315,/deletelava.php,200,OK,Thread Group 1-5,text,true,191,315
1370223718096,434,/addlava.php,200,OK,Thread Group 1-8,text,true,191,434
1370223718216,357,/got2go.php,200,OK,Thread Group 1-1,text,true,441,357
1370223718246,384,/fetchreviews.php,200,OK,Thread Group 1-4,text,true,933,384
1370223718201,457,/addlava.php,200,OK,Thread Group 1-9,text,true,191,457
1370223718325,379,/fetchuserreview.php,200,OK,Thread Group 1-3,text,true,340,379
1370223718360,370,/deletelava.php,200,OK,Thread Group 1-7,text,true,191,370
1370223718300,466,/addlava.php,200,OK,Thread Group 1-10,text,true,191,466
1370223718336,477,/deletelava.php,200,OK,Thread Group 1-6,text,true,191,477
1370223718387,475,/got2go.php,200,OK,Thread Group 1-2,text,true,441,475
1370223718499,404,/fetchreviews.php,200,OK,Thread Group 1-5,text,true,933,404
1370223718531,398,/deletelava.php,200,OK,Thread Group 1-8,text,true,191,398
1370223718574,385,/lavasearch.php,200,OK,Thread Group 1-1,text,true,2808,385
1370223718659,329,/deletelava.php,200,OK,Thread Group 1-9,text,true,191,329
1370223718631,392,/fetchuserreview.php,200,OK,Thread Group 1-4,text,true,340,392
1370223718705,489,/got2go.php,200,OK,Thread Group 1-3,text,true,441,489
1370223718731,529,/fetchreviews.php,200,OK,Thread Group 1-7,text,true,933,529
1370223718768,619,/deletelava.php,200,OK,Thread Group 1-10,text,true,191,619
1370223718814,623,/fetchreviews.php,200,OK,Thread Group 1-6,text,true,933,623
1370223718863,613,/lavasearch.php,200,OK,Thread Group 1-2,text,true,2808,613
1370223718904,602,/fetchuserreview.php,200,OK,Thread Group 1-5,text,true,340,602
1370223718930,619,/fetchreviews.php,200,OK,Thread Group 1-8,text,true,933,619
1370223718960,630,/submithelpful.php,200,OK,Thread Group 1-1,text,true,191,630
1370223718989,663,/fetchreviews.php,200,OK,Thread Group 1-9,text,true,933,663
1370223719024,668,/got2go.php,200,OK,Thread Group 1-4,text,true,441,668
1370223719195,561,/lavasearch.php,200,OK,Thread Group 1-3,text,true,2808,561
1370223719261,604,/fetchuserreview.php,200,OK,Thread Group 1-7,text,true,340,604
1370223719388,493,/fetchreviews.php,200,OK,Thread Group 1-10,text,true,933,493
1370223719438,482,/fetchuserreview.php,200,OK,Thread Group 1-6,text,true,340,482
1370223719477,505,/submithelpful.php,200,OK,Thread Group 1-2,text,true,191,505
1370223719507,604,/got2go.php,200,OK,Thread Group 1-5,text,true,441,604
1370223719550,585,/fetchuserreview.php,200,OK,Thread Group 1-8,text,true,340,585
1370223719591,589,/submitreview.php,200,OK,Thread Group 1-1,text,true,191,589
1370223719653,576,/fetchuserreview.php,200,OK,Thread Group 1-9,text,true,341,576
1370223719693,613,/lavasearch.php,200,OK,Thread Group 1-4,text,true,2808,613
1370223719785,574,/submithelpful.php,200,OK,Thread Group 1-3,text,true,191,574
1370223719866,550,/got2go.php,200,OK,Thread Group 1-7,text,true,441,550
1370223719882,576,/fetchuserreview.php,200,OK,Thread Group 1-10,text,true,341,576
1370223719921,572,/got2go.php,200,OK,Thread Group 1-6,text,true,441,572
1370223719983,612,/submitreview.php,200,OK,Thread Group 1-2,text,true,191,612
1370223720136,521,/got2go.php,200,OK,Thread Group 1-8,text,true,441,521
1370223720112,646,/lavasearch.php,200,OK,Thread Group 1-5,text,true,2808,646
1370223720181,622,/updatelava.php,200,OK,Thread Group 1-1,text,true,191,622
1370223720230,614,/got2go.php,200,OK,Thread Group 1-9,text,true,441,614
1370223720307,576,/submithelpful.php,200,OK,Thread Group 1-4,text,true,191,576
1370223720360,582,/submitreview.php,200,OK,Thread Group 1-3,text,true,191,582
1370223720417,570,/lavasearch.php,200,OK,Thread Group 1-7,text,true,2808,570
1370223720459,582,/got2go.php,200,OK,Thread Group 1-10,text,true,441,582
1370223720495,626,/lavasearch.php,200,OK,Thread Group 1-6,text,true,2808,626
1370223720596,571,/updatelava.php,200,OK,Thread Group 1-2,text,true,191,571
1370223720658,557,/lavasearch.php,200,OK,Thread Group 1-8,text,true,2808,557
1370223720759,506,/submithelpful.php,200,OK,Thread Group 1-5,text,true,191,506
1370223720804,501,/addlava.php,200,OK,Thread Group 1-1,text,true,191,501
1370223720844,500,/lavasearch.php,200,OK,Thread Group 1-9,text,true,2808,500
1370223720884,502,/submitreview.php,200,OK,Thread Group 1-4,text,true,191,502
1370223720942,484,/updatelava.php,200,OK,Thread Group 1-3,text,true,191,484
1370223720988,476,/submithelpful.php,200,OK,Thread Group 1-7,text,true,191,476
1370223721041,472,/lavasearch.php,200,OK,Thread Group 1-10,text,true,2808,472
1370223721121,430,/submithelpful.php,200,OK,Thread Group 1-6,text,true,191,430
1370223721166,425,/addlava.php,200,OK,Thread Group 1-2,text,true,191,425
1370223721215,440,/submithelpful.php,200,OK,Thread Group 1-8,text,true,191,440
1370223721264,513,/submitreview.php,200,OK,Thread Group 1-5,text,true,191,513
1370223721304,518,/deletelava.php,200,OK,Thread Group 1-1,text,true,191,518
1370223721344,543,/submithelpful.php,200,OK,Thread Group 1-9,text,true,191,543
1370223721386,609,/updatelava.php,200,OK,Thread Group 1-4,text,true,191,609
1370223721427,601,/addlava.php,200,OK,Thread Group 1-3,text,true,191,601
1370223721465,602,/submitreview.php,200,OK,Thread Group 1-7,text,true,191,602
1370223721514,593,/submithelpful.php,200,OK,Thread Group 1-10,text,true,191,593
1370223721552,593,/submitreview.php,200,OK,Thread Group 1-6,text,true,191,593
1370223721592,585,/deletelava.php,200,OK,Thread Group 1-2,text,true,191,585
1370223721656,645,/submitreview.php,200,OK,Thread Group 1-8,text,true,191,645
1370223721778,552,/updatelava.php,200,OK,Thread Group 1-5,text,true,191,552
1370223721823,556,/fetchreviews.php,200,OK,Thread Group 1-1,text,true,934,556
1370223721889,537,/submitreview.php,200,OK,Thread Group 1-9,text,true,191,537
1370223721998,457,/addlava.php,200,OK,Thread Group 1-4,text,true,191,457
1370223722029,455,/deletelava.php,200,OK,Thread Group 1-3,text,true,191,455
1370223722068,447,/updatelava.php,200,OK,Thread Group 1-7,text,true,191,447
1370223722108,478,/submitreview.php,200,OK,Thread Group 1-10,text,true,191,478
1370223722146,554,/updatelava.php,200,OK,Thread Group 1-6,text,true,191,554
1370223722178,590,/fetchreviews.php,200,OK,Thread Group 1-2,text,true,933,590
1370223722302,492,/updatelava.php,200,OK,Thread Group 1-8,text,true,191,492
1370223722330,492,/addlava.php,200,OK,Thread Group 1-5,text,true,191,492
1370223722380,487,/fetchuserreview.php,200,OK,Thread Group 1-1,text,true,340,487
1370223722427,469,/updatelava.php,200,OK,Thread Group 1-9,text,true,191,469
1370223722456,470,/deletelava.php,200,OK,Thread Group 1-4,text,true,191,470
1370223722485,485,/fetchreviews.php,200,OK,Thread Group 1-3,text,true,933,485
1370223722516,557,/addlava.php,200,OK,Thread Group 1-7,text,true,191,557
1370223722587,530,/updatelava.php,200,OK,Thread Group 1-10,text,true,191,530
1370223722702,518,/addlava.php,200,OK,Thread Group 1-6,text,true,191,518
1370223722769,486,/fetchuserreview.php,200,OK,Thread Group 1-2,text,true,340,486
1370223722797,489,/addlava.php,200,OK,Thread Group 1-8,text,true,191,489
1370223722826,490,/deletelava.php,200,OK,Thread Group 1-5,text,true,191,490
1370223722872,506,/got2go.php,200,OK,Thread Group 1-1,text,true,441,506
1370223722899,541,/addlava.php,200,OK,Thread Group 1-9,text,true,191,541
1370223722973,522,/fetchuserreview.php,200,OK,Thread Group 1-3,text,true,340,522
1370223722929,707,/fetchreviews.php,200,OK,Thread Group 1-4,text,true,933,707
1370223723076,590,/deletelava.php,200,OK,Thread Group 1-7,text,true,191,590
1370223723120,755,/addlava.php,200,OK,Thread Group 1-10,text,true,191,755
1370223723224,700,/deletelava.php,200,OK,Thread Group 1-6,text,true,191,700
1370223723260,728,/got2go.php,200,OK,Thread Group 1-2,text,true,441,728
1370223723290,734,/deletelava.php,200,OK,Thread Group 1-8,text,true,191,734
1370223723319,735,/fetchreviews.php,200,OK,Thread Group 1-5,text,true,933,735
1370223723381,827,/lavasearch.php,200,OK,Thread Group 1-1,text,true,2808,827
1370223723443,815,/deletelava.php,200,OK,Thread Group 1-9,text,true,191,815
1370223723500,795,/got2go.php,200,OK,Thread Group 1-3,text,true,441,795
1370223723639,752,/fetchuserreview.php,200,OK,Thread Group 1-4,text,true,340,752
1370223723669,769,/fetchreviews.php,200,OK,Thread Group 1-7,text,true,933,769
1370223723878,650,/deletelava.php,200,OK,Thread Group 1-10,text,true,191,650
1370223723926,668,/fetchreviews.php,200,OK,Thread Group 1-6,text,true,933,668
1370223723992,645,/lavasearch.php,200,OK,Thread Group 1-2,text,true,2808,645
1370223724027,683,/fetchreviews.php,200,OK,Thread Group 1-8,text,true,933,683
1370223724057,689,/fetchuserreview.php,200,OK,Thread Group 1-5,text,true,340,689
1370223724211,638,/submithelpful.php,200,OK,Thread Group 1-1,text,true,191,638
1370223724261,638,/fetchreviews.php,200,OK,Thread Group 1-9,text,true,933,638
1370223724299,646,/lavasearch.php,200,OK,Thread Group 1-3,text,true,2808,645
1370223724396,617,/got2go.php,200,OK,Thread Group 1-4,text,true,441,617
1370223724442,709,/fetchuserreview.php,200,OK,Thread Group 1-7,text,true,340,709
1370223724531,671,/fetchreviews.php,200,OK,Thread Group 1-10,text,true,933,671
1370223724597,660,/fetchuserreview.php,200,OK,Thread Group 1-6,text,true,340,660
1370223724640,659,/submithelpful.php,200,OK,Thread Group 1-2,text,true,191,659
1370223724714,624,/fetchuserreview.php,200,OK,Thread Group 1-8,text,true,340,624
1370223724749,656,/got2go.php,200,OK,Thread Group 1-5,text,true,441,656
1370223724852,599,/submitreview.php,200,OK,Thread Group 1-1,text,true,191,599
1370223724902,610,/fetchuserreview.php,200,OK,Thread Group 1-9,text,true,341,610
1370223724948,713,/submithelpful.php,200,OK,Thread Group 1-3,text,true,191,713
1370223725017,692,/lavasearch.php,200,OK,Thread Group 1-4,text,true,2808,692
1370223725156,584,/got2go.php,200,OK,Thread Group 1-7,text,true,441,584
1370223725207,567,/fetchuserreview.php,200,OK,Thread Group 1-10,text,true,341,567
1370223725260,547,/got2go.php,200,OK,Thread Group 1-6,text,true,441,547
1370223725301,562,/submitreview.php,200,OK,Thread Group 1-2,text,true,191,562
1370223725341,559,/got2go.php,200,OK,Thread Group 1-8,text,true,441,559
1370223725408,528,/lavasearch.php,200,OK,Thread Group 1-5,text,true,2808,528
1370223725455,623,/updatelava.php,200,OK,Thread Group 1-1,text,true,191,623
1370223725515,712,/got2go.php,200,OK,Thread Group 1-9,text,true,441,712
1370223725664,725,/submitreview.php,200,OK,Thread Group 1-3,text,true,191,725
1370223725712,716,/submithelpful.php,200,OK,Thread Group 1-4,text,true,191,716
1370223725743,727,/lavasearch.php,200,OK,Thread Group 1-7,text,true,2808,727
1370223725778,743,/got2go.php,200,OK,Thread Group 1-10,text,true,441,743
1370223725811,745,/lavasearch.php,200,OK,Thread Group 1-6,text,true,2808,745
1370223725866,727,/updatelava.php,200,OK,Thread Group 1-2,text,true,191,727
1370223725904,856,/lavasearch.php,200,OK,Thread Group 1-8,text,true,2808,856
1370223725939,870,/submithelpful.php,200,OK,Thread Group 1-5,text,true,191,870
1370223726082,765,/addlava.php,200,OK,Thread Group 1-1,text,true,191,765
1370223726234,647,/lavasearch.php,200,OK,Thread Group 1-9,text,true,2808,647
1370223726393,556,/updatelava.php,200,OK,Thread Group 1-3,text,true,191,556
1370223726434,576,/submitreview.php,200,OK,Thread Group 1-4,text,true,191,576
1370223726474,613,/submithelpful.php,200,OK,Thread Group 1-7,text,true,191,613
1370223726525,626,/lavasearch.php,200,OK,Thread Group 1-10,text,true,2808,625
1370223726563,650,/submithelpful.php,200,OK,Thread Group 1-6,text,true,191,650
1370223726597,649,/addlava.php,200,OK,Thread Group 1-2,text,true,191,649
1370223726765,519,/submithelpful.php,200,OK,Thread Group 1-8,text,true,191,519
1370223726813,511,/submitreview.php,200,OK,Thread Group 1-5,text,true,191,511
1370223726850,519,/deletelava.php,200,OK,Thread Group 1-1,text,true,191,519
1370223726887,521,/submithelpful.php,200,OK,Thread Group 1-9,text,true,191,521
1370223726954,496,/addlava.php,200,OK,Thread Group 1-3,text,true,191,496
1370223727013,501,/updatelava.php,200,OK,Thread Group 1-4,text,true,191,501
1370223727091,536,/submitreview.php,200,OK,Thread Group 1-7,text,true,191,536
1370223727220,493,/submitreview.php,200,OK,Thread Group 1-6,text,true,191,493
1370223727249,571,/deletelava.php,200,OK,Thread Group 1-2,text,true,191,571
1370223727290,619,/submitreview.php,200,OK,Thread Group 1-8,text,true,191,619
1370223727327,659,/updatelava.php,200,OK,Thread Group 1-5,text,true,191,659
1370223727373,713,/fetchreviews.php,200,OK,Thread Group 1-1,text,true,934,713
1370223727411,735,/submitreview.php,200,OK,Thread Group 1-9,text,true,191,735
1370223727153,1056,/submithelpful.php,200,OK,Thread Group 1-10,text,true,191,1056
1370223727454,805,/deletelava.php,200,OK,Thread Group 1-3,text,true,191,805
1370223727518,796,/addlava.php,200,OK,Thread Group 1-4,text,true,191,796
1370223727715,841,/updatelava.php,200,OK,Thread Group 1-6,text,true,191,841
1370223727630,978,/updatelava.php,200,OK,Thread Group 1-7,text,true,191,978
1370223727824,827,/fetchreviews.php,200,OK,Thread Group 1-2,text,true,934,827
1370223727914,774,/updatelava.php,200,OK,Thread Group 1-8,text,true,191,774
1370223727988,749,/addlava.php,200,OK,Thread Group 1-5,text,true,191,749
1370223728090,687,/fetchuserreview.php,200,OK,Thread Group 1-1,text,true,341,687
1370223728150,673,/updatelava.php,200,OK,Thread Group 1-9,text,true,191,673
1370223728261,741,/fetchreviews.php,200,OK,Thread Group 1-3,text,true,934,741
1370223728213,855,/submitreview.php,200,OK,Thread Group 1-10,text,true,191,855
1370223728316,809,/deletelava.php,200,OK,Thread Group 1-4,text,true,191,809
1370223728559,596,/addlava.php,200,OK,Thread Group 1-6,text,true,191,596
1370223728611,643,/addlava.php,200,OK,Thread Group 1-7,text,true,191,643
1370223728653,641,/fetchuserreview.php,200,OK,Thread Group 1-2,text,true,341,641
1370223728691,664,/addlava.php,200,OK,Thread Group 1-8,text,true,191,664
1370223728739,647,/deletelava.php,200,OK,Thread Group 1-5,text,true,191,647
1370223728781,640,/got2go.php,200,OK,Thread Group 1-1,text,true,441,640
1370223728827,626,/addlava.php,200,OK,Thread Group 1-9,text,true,191,626
1370223729005,495,/fetchuserreview.php,200,OK,Thread Group 1-3,text,true,341,495
1370223729070,516,/updatelava.php,200,OK,Thread Group 1-10,text,true,191,516
1370223729128,588,/fetchreviews.php,200,OK,Thread Group 1-4,text,true,934,588
1370223729158,614,/deletelava.php,200,OK,Thread Group 1-6,text,true,191,614
1370223729257,566,/deletelava.php,200,OK,Thread Group 1-7,text,true,191,566
1370223729298,576,/got2go.php,200,OK,Thread Group 1-2,text,true,441,576
1370223729358,604,/deletelava.php,200,OK,Thread Group 1-8,text,true,191,604
1370223729389,616,/fetchreviews.php,200,OK,Thread Group 1-5,text,true,934,616
1370223729425,610,/lavasearch.php,200,OK,Thread Group 1-1,text,true,2808,610
1370223729457,601,/deletelava.php,200,OK,Thread Group 1-9,text,true,191,601
1370223729502,608,/got2go.php,200,OK,Thread Group 1-3,text,true,441,608
1370223729588,565,/addlava.php,200,OK,Thread Group 1-10,text,true,191,565
1370223729721,465,/fetchuserreview.php,200,OK,Thread Group 1-4,text,true,341,465
1370223729775,455,/fetchreviews.php,200,OK,Thread Group 1-6,text,true,934,455
1370223729826,457,/fetchreviews.php,200,OK,Thread Group 1-7,text,true,934,457
1370223729877,442,/lavasearch.php,200,OK,Thread Group 1-2,text,true,2808,442
1370223729965,409,/fetchreviews.php,200,OK,Thread Group 1-8,text,true,934,409
1370223730007,472,/fetchuserreview.php,200,OK,Thread Group 1-5,text,true,341,472
1370223730038,489,/submithelpful.php,200,OK,Thread Group 1-1,text,true,191,489
1370223730060,534,/fetchreviews.php,200,OK,Thread Group 1-9,text,true,934,534
1370223730113,524,/lavasearch.php,200,OK,Thread Group 1-3,text,true,2808,524
1370223730156,505,/deletelava.php,200,OK,Thread Group 1-10,text,true,191,505
1370223730189,503,/got2go.php,200,OK,Thread Group 1-4,text,true,441,503
1370223730233,489,/fetchuserreview.php,200,OK,Thread Group 1-6,text,true,341,489
1370223730286,461,/fetchuserreview.php,200,OK,Thread Group 1-7,text,true,341,461
1370223730322,519,/submithelpful.php,200,OK,Thread Group 1-2,text,true,191,519
1370223730377,496,/fetchuserreview.php,200,OK,Thread Group 1-8,text,true,341,496
1370223730484,444,/got2go.php,200,OK,Thread Group 1-5,text,true,441,444
1370223730531,491,/submitreview.php,200,OK,Thread Group 1-1,text,true,191,491
1370223730598,458,/fetchuserreview.php,200,OK,Thread Group 1-9,text,true,341,458
1370223730640,519,/submithelpful.php,200,OK,Thread Group 1-3,text,true,191,519
1370223730664,532,/fetchreviews.php,200,OK,Thread Group 1-10,text,true,934,532
1370223730695,534,/lavasearch.php,200,OK,Thread Group 1-4,text,true,2808,534
1370223730726,532,/got2go.php,200,OK,Thread Group 1-6,text,true,441,532
1370223730750,542,/got2go.php,200,OK,Thread Group 1-7,text,true,441,542
1370223730846,568,/submitreview.php,200,OK,Thread Group 1-2,text,true,191,568
1370223730876,640,/got2go.php,200,OK,Thread Group 1-8,text,true,441,640
1370223730930,619,/lavasearch.php,200,OK,Thread Group 1-5,text,true,2808,619
1370223731025,555,/updatelava.php,200,OK,Thread Group 1-1,text,true,191,555
1370223731060,562,/got2go.php,200,OK,Thread Group 1-9,text,true,441,562
1370223731162,503,/submitreview.php,200,OK,Thread Group 1-3,text,true,191,503
1370223731198,513,/fetchuserreview.php,200,OK,Thread Group 1-10,text,true,341,513
1370223731232,559,/submithelpful.php,200,OK,Thread Group 1-4,text,true,191,559
1370223731260,576,/lavasearch.php,200,OK,Thread Group 1-6,text,true,2808,576
1370223731295,649,/lavasearch.php,200,OK,Thread Group 1-7,text,true,2808,649
1370223731417,557,/updatelava.php,200,OK,Thread Group 1-2,text,true,191,557
1370223731519,491,/lavasearch.php,200,OK,Thread Group 1-8,text,true,2808,491
1370223731553,505,/submithelpful.php,200,OK,Thread Group 1-5,text,true,191,505
1370223731583,728,/addlava.php,200,OK,Thread Group 1-1,text,true,191,728
1370223731626,698,/lavasearch.php,200,OK,Thread Group 1-9,text,true,2808,698
1370223731668,691,/updatelava.php,200,OK,Thread Group 1-3,text,true,191,691
1370223731714,681,/got2go.php,200,OK,Thread Group 1-10,text,true,441,681
1370223731794,661,/submitreview.php,200,OK,Thread Group 1-4,text,true,191,661
1370223731839,686,/submithelpful.php,200,OK,Thread Group 1-6,text,true,191,686
1370223731947,745,/submithelpful.php,200,OK,Thread Group 1-7,text,true,191,745
1370223731976,739,/addlava.php,200,OK,Thread Group 1-2,text,true,191,739
1370223732061,696,/submitreview.php,200,OK,Thread Group 1-5,text,true,191,696
1370223732012,807,/submithelpful.php,200,OK,Thread Group 1-8,text,true,191,807
1370223732327,577,/submithelpful.php,200,OK,Thread Group 1-9,text,true,191,577
1370223732316,632,/deletelava.php,200,OK,Thread Group 1-1,text,true,191,632
1370223732363,629,/addlava.php,200,OK,Thread Group 1-3,text,true,191,629
1370223732398,649,/lavasearch.php,200,OK,Thread Group 1-10,text,true,2808,649
1370223732458,716,/updatelava.php,200,OK,Thread Group 1-4,text,true,191,716
1370223732530,703,/submitreview.php,200,OK,Thread Group 1-6,text,true,191,703
1370223732695,575,/submitreview.php,200,OK,Thread Group 1-7,text,true,191,575
1370223732719,584,/deletelava.php,200,OK,Thread Group 1-2,text,true,191,584
1370223732760,587,/updatelava.php,200,OK,Thread Group 1-5,text,true,191,587
1370223732822,573,/submitreview.php,200,OK,Thread Group 1-8,text,true,191,573
1370223732907,533,/submitreview.php,200,OK,Thread Group 1-9,text,true,191,533
1370223732954,588,/fetchreviews.php,200,OK,Thread Group 1-1,text,true,934,588
1370223732995,649,/deletelava.php,200,OK,Thread Group 1-3,text,true,191,649
1370223733051,635,/submithelpful.php,200,OK,Thread Group 1-10,text,true,191,635
1370223733177,590,/addlava.php,200,OK,Thread Group 1-4,text,true,191,590
1370223733235,564,/updatelava.php,200,OK,Thread Group 1-6,text,true,191,564
1370223733273,557,/updatelava.php,200,OK,Thread Group 1-7,text,true,191,557
1370223733306,580,/fetchreviews.php,200,OK,Thread Group 1-2,text,true,934,580
1370223733350,566,/addlava.php,200,OK,Thread Group 1-5,text,true,191,566
1370223733398,564,/updatelava.php,200,OK,Thread Group 1-8,text,true,191,564
1370223733443,571,/updatelava.php,200,OK,Thread Group 1-9,text,true,191,571
1370223733545,599,/fetchuserreview.php,200,OK,Thread Group 1-1,text,true,341,598
1370223733648,545,/fetchreviews.php,200,OK,Thread Group 1-3,text,true,934,545
1370223733691,535,/submitreview.php,200,OK,Thread Group 1-10,text,true,191,535
1370223733770,486,/deletelava.php,200,OK,Thread Group 1-4,text,true,191,486
1370223733802,481,/addlava.php,200,OK,Thread Group 1-6,text,true,191,481
1370223733833,487,/addlava.php,200,OK,Thread Group 1-7,text,true,191,487
1370223733888,470,/fetchuserreview.php,200,OK,Thread Group 1-2,text,true,341,470
1370223733918,466,/deletelava.php,200,OK,Thread Group 1-5,text,true,191,466
1370223733966,518,/addlava.php,200,OK,Thread Group 1-8,text,true,191,518
1370223734018,508,/addlava.php,200,OK,Thread Group 1-9,text,true,191,508
1370223734147,441,/got2go.php,200,OK,Thread Group 1-1,text,true,441,441
1370223734200,496,/fetchuserreview.php,200,OK,Thread Group 1-3,text,true,341,496
1370223734229,506,/updatelava.php,200,OK,Thread Group 1-10,text,true,191,506
1370223734260,517,/fetchreviews.php,200,OK,Thread Group 1-4,text,true,934,517
1370223734287,517,/deletelava.php,200,OK,Thread Group 1-6,text,true,191,517
1370223734325,513,/deletelava.php,200,OK,Thread Group 1-7,text,true,191,513
1370223734362,521,/got2go.php,200,OK,Thread Group 1-2,text,true,441,521
1370223734387,530,/fetchreviews.php,200,OK,Thread Group 1-5,text,true,934,530
1370223734529,414,/deletelava.php,200,OK,Thread Group 1-9,text,true,191,414
1370223734489,486,/deletelava.php,200,OK,Thread Group 1-8,text,true,191,486
1370223734595,418,/lavasearch.php,200,OK,Thread Group 1-1,text,true,2808,418
1370223734699,352,/got2go.php,200,OK,Thread Group 1-3,text,true,441,352
1370223734738,339,/addlava.php,200,OK,Thread Group 1-10,text,true,191,339
1370223734781,350,/fetchuserreview.php,200,OK,Thread Group 1-4,text,true,341,350
1370223734809,447,/fetchreviews.php,200,OK,Thread Group 1-6,text,true,934,447
1370223734842,478,/fetchreviews.php,200,OK,Thread Group 1-7,text,true,934,478
1370223734886,483,/lavasearch.php,200,OK,Thread Group 1-2,text,true,2808,483
1370223734921,480,/fetchuserreview.php,200,OK,Thread Group 1-5,text,true,341,480
1370223734977,491,/fetchreviews.php,200,OK,Thread Group 1-8,text,true,934,491
1370223734946,635,/fetchreviews.php,200,OK,Thread Group 1-9,text,true,934,635
1370223735017,616,/submithelpful.php,200,OK,Thread Group 1-1,text,true,191,616
1370223735054,622,/lavasearch.php,200,OK,Thread Group 1-3,text,true,2808,622
1370223735080,620,/deletelava.php,200,OK,Thread Group 1-10,text,true,191,620
1370223735134,618,/got2go.php,200,OK,Thread Group 1-4,text,true,441,618
1370223735259,534,/fetchuserreview.php,200,OK,Thread Group 1-6,text,true,341,534
1370223735324,513,/fetchuserreview.php,200,OK,Thread Group 1-7,text,true,341,513
1370223735373,585,/submithelpful.php,200,OK,Thread Group 1-2,text,true,191,585
1370223735404,598,/got2go.php,200,OK,Thread Group 1-5,text,true,441,598
1370223735472,641,/fetchuserreview.php,200,OK,Thread Group 1-8,text,true,341,641
1370223735587,619,/fetchuserreview.php,200,OK,Thread Group 1-9,text,true,341,619
1370223735636,610,/submitreview.php,200,OK,Thread Group 1-1,text,true,191,610
1370223735681,612,/submithelpful.php,200,OK,Thread Group 1-3,text,true,191,612
1370223735705,630,/fetchreviews.php,200,OK,Thread Group 1-10,text,true,934,630
1370223735758,611,/lavasearch.php,200,OK,Thread Group 1-4,text,true,2808,611
1370223735796,604,/got2go.php,200,OK,Thread Group 1-6,text,true,441,604
1370223735841,603,/got2go.php,200,OK,Thread Group 1-7,text,true,441,603
1370223735960,631,/submitreview.php,200,OK,Thread Group 1-2,text,true,191,631
1370223736066,608,/lavasearch.php,200,OK,Thread Group 1-5,text,true,2808,608
1370223736116,565,/got2go.php,200,OK,Thread Group 1-8,text,true,441,565
1370223736208,556,/got2go.php,200,OK,Thread Group 1-9,text,true,441,556
1370223736248,549,/updatelava.php,200,OK,Thread Group 1-1,text,true,191,549
1370223736295,567,/submitreview.php,200,OK,Thread Group 1-3,text,true,191,567
1370223736337,570,/fetchuserreview.php,200,OK,Thread Group 1-10,text,true,341,570
1370223736372,598,/submithelpful.php,200,OK,Thread Group 1-4,text,true,191,598
1370223736402,675,/lavasearch.php,200,OK,Thread Group 1-6,text,true,2808,675
1370223736446,679,/lavasearch.php,200,OK,Thread Group 1-7,text,true,2808,679
1370223736593,569,/updatelava.php,200,OK,Thread Group 1-2,text,true,191,569
1370223736677,541,/submithelpful.php,200,OK,Thread Group 1-5,text,true,191,541
1370223736684,577,/lavasearch.php,200,OK,Thread Group 1-8,text,true,2808,577
1370223736767,523,/lavasearch.php,200,OK,Thread Group 1-9,text,true,2808,523
1370223736800,515,/addlava.php,200,OK,Thread Group 1-1,text,true,191,515
1370223736865,483,/updatelava.php,200,OK,Thread Group 1-3,text,true,191,483
1370223736911,477,/got2go.php,200,OK,Thread Group 1-10,text,true,441,477
1370223736973,450,/submitreview.php,200,OK,Thread Group 1-4,text,true,191,450
1370223737080,389,/submithelpful.php,200,OK,Thread Group 1-6,text,true,191,389
1370223737128,376,/submithelpful.php,200,OK,Thread Group 1-7,text,true,191,376
1370223737165,387,/addlava.php,200,OK,Thread Group 1-2,text,true,191,387
1370223737222,384,/submitreview.php,200,OK,Thread Group 1-5,text,true,191,384
1370223737264,456,/submithelpful.php,200,OK,Thread Group 1-8,text,true,191,456
1370223737294,493,/submithelpful.php,200,OK,Thread Group 1-9,text,true,191,493
1370223737319,595,/deletelava.php,200,OK,Thread Group 1-1,text,true,191,595
1370223737351,632,/addlava.php,200,OK,Thread Group 1-3,text,true,191,632
1370223737391,763,/lavasearch.php,200,OK,Thread Group 1-10,text,true,2808,763
1370223737426,769,/updatelava.php,200,OK,Thread Group 1-4,text,true,191,769
1370223737471,894,/submitreview.php,200,OK,Thread Group 1-6,text,true,191,894
1370223737507,894,/submitreview.php,200,OK,Thread Group 1-7,text,true,191,894
1370223737555,895,/deletelava.php,200,OK,Thread Group 1-2,text,true,191,895
1370223737609,871,/updatelava.php,200,OK,Thread Group 1-5,text,true,191,871
1370223737724,795,/submitreview.php,200,OK,Thread Group 1-8,text,true,191,795
1370223737791,768,/submitreview.php,200,OK,Thread Group 1-9,text,true,191,768
1370223737916,762,/fetchreviews.php,200,OK,Thread Group 1-1,text,true,934,762
1370223737986,764,/deletelava.php,200,OK,Thread Group 1-3,text,true,191,764
1370223738158,629,/submithelpful.php,200,OK,Thread Group 1-10,text,true,191,629
1370223738198,627,/addlava.php,200,OK,Thread Group 1-4,text,true,191,627
1370223738368,484,/updatelava.php,200,OK,Thread Group 1-6,text,true,191,484
1370223738403,493,/updatelava.php,200,OK,Thread Group 1-7,text,true,191,493
1370223738452,487,/fetchreviews.php,200,OK,Thread Group 1-2,text,true,934,487
1370223738483,501,/addlava.php,200,OK,Thread Group 1-5,text,true,191,501
1370223738522,507,/updatelava.php,200,OK,Thread Group 1-8,text,true,191,507
1370223738562,517,/updatelava.php,200,OK,Thread Group 1-9,text,true,191,517
1370223738681,443,/fetchuserreview.php,200,OK,Thread Group 1-1,text,true,341,443
1370223738753,419,/fetchreviews.php,200,OK,Thread Group 1-3,text,true,934,419
1370223738792,541,/submitreview.php,200,OK,Thread Group 1-10,text,true,191,541
1370223738829,547,/deletelava.php,200,OK,Thread Group 1-4,text,true,191,547
1370223738855,661,/addlava.php,200,OK,Thread Group 1-6,text,true,191,661
1370223738898,663,/addlava.php,200,OK,Thread Group 1-7,text,true,191,663
1370223738942,681,/fetchuserreview.php,200,OK,Thread Group 1-2,text,true,341,681
1370223738987,684,/deletelava.php,200,OK,Thread Group 1-5,text,true,191,684
1370223739032,734,/addlava.php,200,OK,Thread Group 1-8,text,true,191,734
1370223739081,784,/addlava.php,200,OK,Thread Group 1-9,text,true,191,784
1370223739127,778,/got2go.php,200,OK,Thread Group 1-1,text,true,441,778
1370223739176,841,/fetchuserreview.php,200,OK,Thread Group 1-3,text,true,341,841
1370223739336,771,/updatelava.php,200,OK,Thread Group 1-10,text,true,191,771
1370223739379,782,/fetchreviews.php,200,OK,Thread Group 1-4,text,true,934,782
1370223739519,717,/deletelava.php,200,OK,Thread Group 1-6,text,true,191,717
1370223739564,820,/deletelava.php,200,OK,Thread Group 1-7,text,true,191,820
1370223739626,831,/got2go.php,200,OK,Thread Group 1-2,text,true,441,831
1370223739674,974,/fetchreviews.php,200,OK,Thread Group 1-5,text,true,934,974
1370223739769,947,/deletelava.php,200,OK,Thread Group 1-8,text,true,191,947
1370223739867,913,/deletelava.php,200,OK,Thread Group 1-9,text,true,191,913
1370223739908,1100,/lavasearch.php,200,OK,Thread Group 1-1,text,true,2808,1100
1370223740021,994,/got2go.php,200,OK,Thread Group 1-3,text,true,441,994
1370223740111,969,/addlava.php,200,OK,Thread Group 1-10,text,true,191,969
1370223740163,989,/fetchuserreview.php,200,OK,Thread Group 1-4,text,true,341,989
1370223740239,974,/fetchreviews.php,200,OK,Thread Group 1-6,text,true,934,974
1370223740389,949,/fetchreviews.php,200,OK,Thread Group 1-7,text,true,934,949
1370223740654,835,/fetchuserreview.php,200,OK,Thread Group 1-5,text,true,341,835
1370223740460,1030,/lavasearch.php,200,OK,Thread Group 1-2,text,true,2808,1030
1370223740719,825,/fetchreviews.php,200,OK,Thread Group 1-8,text,true,934,825
1370223740786,807,/fetchreviews.php,200,OK,Thread Group 1-9,text,true,934,807
1370223741020,605,/lavasearch.php,200,OK,Thread Group 1-3,text,true,2808,605
1370223741012,647,/submithelpful.php,200,OK,Thread Group 1-1,text,true,191,647
1370223741084,647,/deletelava.php,200,OK,Thread Group 1-10,text,true,191,647
1370223741156,606,/got2go.php,200,OK,Thread Group 1-4,text,true,441,606
1370223741217,576,/fetchuserreview.php,200,OK,Thread Group 1-6,text,true,341,576
1370223741342,600,/fetchuserreview.php,200,OK,Thread Group 1-7,text,true,341,600
1370223741496,531,/got2go.php,200,OK,Thread Group 1-5,text,true,441,531
1370223741496,664,/submithelpful.php,200,OK,Thread Group 1-2,text,true,191,664
1370223741548,719,/fetchuserreview.php,200,OK,Thread Group 1-8,text,true,341,719
1370223741597,708,/fetchuserreview.php,200,OK,Thread Group 1-9,text,true,341,708
1370223741628,713,/submithelpful.php,200,OK,Thread Group 1-3,text,true,191,713
1370223741662,749,/submitreview.php,200,OK,Thread Group 1-1,text,true,191,749
1370223741734,719,/fetchreviews.php,200,OK,Thread Group 1-10,text,true,934,719
1370223741767,809,/lavasearch.php,200,OK,Thread Group 1-4,text,true,2808,808
1370223741796,828,/got2go.php,200,OK,Thread Group 1-6,text,true,441,828
1370223741944,716,/got2go.php,200,OK,Thread Group 1-7,text,true,441,716
1370223742030,666,/lavasearch.php,200,OK,Thread Group 1-5,text,true,2808,665
1370223742165,637,/submitreview.php,200,OK,Thread Group 1-2,text,true,191,637
1370223742269,595,/got2go.php,200,OK,Thread Group 1-8,text,true,441,595
1370223742344,569,/submitreview.php,200,OK,Thread Group 1-3,text,true,191,569
1370223742309,763,/got2go.php,200,OK,Thread Group 1-9,text,true,441,763
1370223742414,734,/updatelava.php,200,OK,Thread Group 1-1,text,true,191,734
1370223742457,705,/fetchuserreview.php,200,OK,Thread Group 1-10,text,true,341,705
1370223742579,623,/submithelpful.php,200,OK,Thread Group 1-4,text,true,191,623
1370223742627,623,/lavasearch.php,200,OK,Thread Group 1-6,text,true,2808,623
1370223742664,635,/lavasearch.php,200,OK,Thread Group 1-7,text,true,2808,635
1370223742698,727,/submithelpful.php,200,OK,Thread Group 1-5,text,true,191,727
1370223742805,679,/updatelava.php,200,OK,Thread Group 1-2,text,true,191,679
1370223742866,774,/lavasearch.php,200,OK,Thread Group 1-8,text,true,2808,774
1370223742916,786,/updatelava.php,200,OK,Thread Group 1-3,text,true,191,786
1370223743074,739,/lavasearch.php,200,OK,Thread Group 1-9,text,true,2808,739
1370223743151,701,/addlava.php,200,OK,Thread Group 1-1,text,true,191,701
1370223743165,730,/got2go.php,200,OK,Thread Group 1-10,text,true,441,730
1370223743205,742,/submitreview.php,200,OK,Thread Group 1-4,text,true,191,742
1370223743253,744,/submithelpful.php,200,OK,Thread Group 1-6,text,true,191,744
1370223743302,739,/submithelpful.php,200,OK,Thread Group 1-7,text,true,191,739
1370223743428,656,/submitreview.php,200,OK,Thread Group 1-5,text,true,191,656
1370223743487,648,/addlava.php,200,OK,Thread Group 1-2,text,true,191,648
1370223743643,608,/submithelpful.php,200,OK,Thread Group 1-8,text,true,191,608
1370223743705,582,/addlava.php,200,OK,Thread Group 1-3,text,true,191,582
1370223743815,570,/submithelpful.php,200,OK,Thread Group 1-9,text,true,191,570
1370223743855,627,/deletelava.php,200,OK,Thread Group 1-1,text,true,191,627
1370223743899,621,/lavasearch.php,200,OK,Thread Group 1-10,text,true,2808,621
1370223743950,602,/updatelava.php,200,OK,Thread Group 1-4,text,true,191,602
1370223744000,691,/submitreview.php,200,OK,Thread Group 1-6,text,true,191,691
1370223744044,695,/submitreview.php,200,OK,Thread Group 1-7,text,true,191,695
1370223744087,698,/updatelava.php,200,OK,Thread Group 1-5,text,true,191,698
1370223744137,682,/deletelava.php,200,OK,Thread Group 1-2,text,true,191,682
1370223744254,603,/submitreview.php,200,OK,Thread Group 1-8,text,true,191,603
1370223744290,592,/deletelava.php,200,OK,Thread Group 1-3,text,true,191,592
1370223744388,531,/submitreview.php,200,OK,Thread Group 1-9,text,true,191,531
1370223744484,473,/fetchreviews.php,200,OK,Thread Group 1-1,text,true,934,473
1370223744523,468,/submithelpful.php,200,OK,Thread Group 1-10,text,true,191,468
1370223744555,488,/addlava.php,200,OK,Thread Group 1-4,text,true,191,488
1370223744694,465,/updatelava.php,200,OK,Thread Group 1-6,text,true,191,465
1370223744743,459,/updatelava.php,200,OK,Thread Group 1-7,text,true,191,459
1370223744789,440,/addlava.php,200,OK,Thread Group 1-5,text,true,191,440
1370223744823,443,/fetchreviews.php,200,OK,Thread Group 1-2,text,true,934,443
1370223744859,430,/updatelava.php,200,OK,Thread Group 1-8,text,true,191,430
1370223744884,453,/fetchreviews.php,200,OK,Thread Group 1-3,text,true,934,453
1370223744922,448,/updatelava.php,200,OK,Thread Group 1-9,text,true,191,448
1370223744960,447,/fetchuserreview.php,200,OK,Thread Group 1-1,text,true,341,447
1370223744995,574,/submitreview.php,200,OK,Thread Group 1-10,text,true,191,574
1370223745046,553,/deletelava.php,200,OK,Thread Group 1-4,text,true,191,553
1370223745162,470,/addlava.php,200,OK,Thread Group 1-6,text,true,191,470
1370223745205,462,/addlava.php,200,OK,Thread Group 1-7,text,true,191,462
1370223745233,648,/deletelava.php,200,OK,Thread Group 1-5,text,true,191,648
1370223745294,736,/addlava.php,200,OK,Thread Group 1-8,text,true,191,736
1370223745269,763,/fetchuserreview.php,200,OK,Thread Group 1-2,text,true,341,763
1370223745340,705,/fetchuserreview.php,200,OK,Thread Group 1-3,text,true,341,705
1370223745373,700,/addlava.php,200,OK,Thread Group 1-9,text,true,191,700
1370223745410,725,/got2go.php,200,OK,Thread Group 1-1,text,true,441,725
1370223745572,656,/updatelava.php,200,OK,Thread Group 1-10,text,true,191,656
1370223745602,699,/fetchreviews.php,200,OK,Thread Group 1-4,text,true,934,699
1370223745634,826,/deletelava.php,200,OK,Thread Group 1-6,text,true,191,826
1370223745670,816,/deletelava.php,200,OK,Thread Group 1-7,text,true,191,816
1370223745884,663,/fetchreviews.php,200,OK,Thread Group 1-5,text,true,934,663
1370223746036,607,/got2go.php,200,OK,Thread Group 1-2,text,true,441,607
1370223746035,624,/deletelava.php,200,OK,Thread Group 1-8,text,true,191,624
1370223746048,647,/got2go.php,200,OK,Thread Group 1-3,text,true,441,647
1370223746076,682,/deletelava.php,200,OK,Thread Group 1-9,text,true,191,682
1370223746138,697,/lavasearch.php,200,OK,Thread Group 1-1,text,true,2808,697
1370223746232,663,/addlava.php,200,OK,Thread Group 1-10,text,true,191,663
1370223746304,669,/fetchuserreview.php,200,OK,Thread Group 1-4,text,true,341,669
1370223746465,565,/fetchreviews.php,200,OK,Thread Group 1-6,text,true,934,565
1370223746490,656,/fetchreviews.php,200,OK,Thread Group 1-7,text,true,934,656
1370223746549,674,/fetchuserreview.php,200,OK,Thread Group 1-5,text,true,341,674
1370223746647,616,/lavasearch.php,200,OK,Thread Group 1-2,text,true,2808,616
1370223746661,642,/fetchreviews.php,200,OK,Thread Group 1-8,text,true,934,642
1370223746697,658,/lavasearch.php,200,OK,Thread Group 1-3,text,true,2808,658
1370223746760,668,/fetchreviews.php,200,OK,Thread Group 1-9,text,true,934,668
1370223746839,771,/submithelpful.php,200,OK,Thread Group 1-1,text,true,191,771
1370223746898,843,/deletelava.php,200,OK,Thread Group 1-10,text,true,191,843
1370223746976,997,/got2go.php,200,OK,Thread Group 1-4,text,true,441,997
1370223747033,969,/fetchuserreview.php,200,OK,Thread Group 1-6,text,true,341,969
1370223747149,963,/fetchuserreview.php,200,OK,Thread Group 1-7,text,true,341,963
1370223747226,941,/got2go.php,200,OK,Thread Group 1-5,text,true,441,941
1370223747267,980,/submithelpful.php,200,OK,Thread Group 1-2,text,true,191,980
1370223747308,1013,/fetchuserreview.php,200,OK,Thread Group 1-8,text,true,341,1013
1370223747360,1032,/submithelpful.php,200,OK,Thread Group 1-3,text,true,191,1032
1370223747431,994,/fetchuserreview.php,200,OK,Thread Group 1-9,text,true,341,994
1370223747614,854,/submitreview.php,200,OK,Thread Group 1-1,text,true,191,854
1370223747743,784,/fetchreviews.php,200,OK,Thread Group 1-10,text,true,934,784
1370223747975,650,/lavasearch.php,200,OK,Thread Group 1-4,text,true,2808,650
1370223748007,656,/got2go.php,200,OK,Thread Group 1-6,text,true,441,656
1370223748115,598,/got2go.php,200,OK,Thread Group 1-7,text,true,441,598
1370223748170,664,/lavasearch.php,200,OK,Thread Group 1-5,text,true,2808,664
1370223748250,644,/submitreview.php,200,OK,Thread Group 1-2,text,true,191,644
1370223748325,710,/got2go.php,200,OK,Thread Group 1-8,text,true,441,710
1370223748395,681,/submitreview.php,200,OK,Thread Group 1-3,text,true,191,681
1370223748428,692,/got2go.php,200,OK,Thread Group 1-9,text,true,441,692
1370223748472,693,/updatelava.php,200,OK,Thread Group 1-1,text,true,191,693
1370223748530,675,/fetchuserreview.php,200,OK,Thread Group 1-10,text,true,341,675
1370223748628,620,/submithelpful.php,200,OK,Thread Group 1-4,text,true,191,620
1370223748667,640,/lavasearch.php,200,OK,Thread Group 1-6,text,true,2808,640
1370223748716,613,/lavasearch.php,200,OK,Thread Group 1-7,text,true,2808,613
1370223748836,680,/submithelpful.php,200,OK,Thread Group 1-5,text,true,191,680
1370223748897,661,/updatelava.php,200,OK,Thread Group 1-2,text,true,191,661
1370223749037,562,/lavasearch.php,200,OK,Thread Group 1-8,text,true,2808,562
1370223749078,552,/updatelava.php,200,OK,Thread Group 1-3,text,true,191,552
1370223749126,550,/lavasearch.php,200,OK,Thread Group 1-9,text,true,2808,550
1370223749167,605,/addlava.php,200,OK,Thread Group 1-1,text,true,191,605
1370223749207,625,/got2go.php,200,OK,Thread Group 1-10,text,true,441,625
1370223749250,626,/submitreview.php,200,OK,Thread Group 1-4,text,true,191,626
1370223749309,622,/submithelpful.php,200,OK,Thread Group 1-6,text,true,191,622
1370223749332,633,/submithelpful.php,200,OK,Thread Group 1-7,text,true,191,633
1370223749519,502,/submitreview.php,200,OK,Thread Group 1-5,text,true,191,502
1370223749561,495,/addlava.php,200,OK,Thread Group 1-2,text,true,191,495
1370223749602,509,/submithelpful.php,200,OK,Thread Group 1-8,text,true,191,509
1370223749634,558,/addlava.php,200,OK,Thread Group 1-3,text,true,191,558
1370223749680,579,/submithelpful.php,200,OK,Thread Group 1-9,text,true,191,579
1370223749775,615,/deletelava.php,200,OK,Thread Group 1-1,text,true,191,615
1370223749835,595,/lavasearch.php,200,OK,Thread Group 1-10,text,true,2808,595
1370223749880,584,/updatelava.php,200,OK,Thread Group 1-4,text,true,191,584
1370223749934,572,/submitreview.php,200,OK,Thread Group 1-6,text,true,191,572
1370223750024,536,/updatelava.php,200,OK,Thread Group 1-5,text,true,191,536
1370223749967,735,/submitreview.php,200,OK,Thread Group 1-7,text,true,191,735
1370223750059,683,/deletelava.php,200,OK,Thread Group 1-2,text,true,191,683
1370223750114,666,/submitreview.php,200,OK,Thread Group 1-8,text,true,191,666
1370223750195,614,/deletelava.php,200,OK,Thread Group 1-3,text,true,191,614
1370223750263,591,/submitreview.php,200,OK,Thread Group 1-9,text,true,191,591
1370223750394,507,/fetchreviews.php,200,OK,Thread Group 1-1,text,true,934,507
1370223750434,503,/submithelpful.php,200,OK,Thread Group 1-10,text,true,191,503
1370223750467,507,/addlava.php,200,OK,Thread Group 1-4,text,true,191,507
1370223750563,448,/addlava.php,200,OK,Thread Group 1-5,text,true,191,448
1370223750508,566,/updatelava.php,200,OK,Thread Group 1-6,text,true,191,566
1370223750705,411,/updatelava.php,200,OK,Thread Group 1-7,text,true,191,411
1370223750745,440,/fetchreviews.php,200,OK,Thread Group 1-2,text,true,934,440
1370223750784,440,/updatelava.php,200,OK,Thread Group 1-8,text,true,191,440
1370223750812,485,/fetchreviews.php,200,OK,Thread Group 1-3,text,true,934,485
1370223750905,514,/fetchuserreview.php,200,OK,Thread Group 1-1,text,true,341,514
1370223750858,616,/updatelava.php,200,OK,Thread Group 1-9,text,true,191,616
1370223750940,592,/submitreview.php,200,OK,Thread Group 1-10,text,true,191,592
1370223751014,556,/deletelava.php,200,OK,Thread Group 1-5,text,true,191,556
1370223750978,683,/deletelava.php,200,OK,Thread Group 1-4,text,true,191,683
1370223751076,650,/addlava.php,200,OK,Thread Group 1-6,text,true,191,650
1370223751124,733,/addlava.php,200,OK,Thread Group 1-7,text,true,191,733
1370223751188,715,/fetchuserreview.php,200,OK,Thread Group 1-2,text,true,341,715
1370223751227,799,/addlava.php,200,OK,Thread Group 1-8,text,true,191,799
1370223751300,768,/fetchuserreview.php,200,OK,Thread Group 1-3,text,true,341,768
1370223751422,687,/got2go.php,200,OK,Thread Group 1-1,text,true,441,687
1370223751477,759,/addlava.php,200,OK,Thread Group 1-9,text,true,191,759
1370223751535,784,/updatelava.php,200,OK,Thread Group 1-10,text,true,191,784
1370223751573,915,/fetchreviews.php,200,OK,Thread Group 1-5,text,true,934,915
1370223751664,882,/fetchreviews.php,200,OK,Thread Group 1-4,text,true,934,882
1370223751728,867,/deletelava.php,200,OK,Thread Group 1-6,text,true,191,867
1370223751860,861,/deletelava.php,200,OK,Thread Group 1-7,text,true,191,861
1370223751905,853,/got2go.php,200,OK,Thread Group 1-2,text,true,441,853
1370223752028,790,/deletelava.php,200,OK,Thread Group 1-8,text,true,191,790
1370223752071,780,/got2go.php,200,OK,Thread Group 1-3,text,true,441,780
1370223752112,842,/lavasearch.php,200,OK,Thread Group 1-1,text,true,2808,842
1370223752239,770,/deletelava.php,200,OK,Thread Group 1-9,text,true,191,770
1370223752323,721,/addlava.php,200,OK,Thread Group 1-10,text,true,191,721
1370223752491,587,/fetchuserreview.php,200,OK,Thread Group 1-5,text,true,341,587
1370223752550,587,/fetchuserreview.php,200,OK,Thread Group 1-4,text,true,341,587
1370223752598,689,/fetchreviews.php,200,OK,Thread Group 1-6,text,true,934,689
1370223752724,754,/fetchreviews.php,200,OK,Thread Group 1-7,text,true,934,754
1370223752761,772,/lavasearch.php,200,OK,Thread Group 1-2,text,true,2808,772
1370223752820,873,/fetchreviews.php,200,OK,Thread Group 1-8,text,true,934,873
1370223752855,896,/lavasearch.php,200,OK,Thread Group 1-3,text,true,2808,896
1370223752959,931,/submithelpful.php,200,OK,Thread Group 1-1,text,true,191,931
1370223753011,1030,/fetchreviews.php,200,OK,Thread Group 1-9,text,true,934,1030
1370223753047,1125,/deletelava.php,200,OK,Thread Group 1-10,text,true,191,1125
1370223753081,1244,/got2go.php,200,OK,Thread Group 1-5,text,true,441,1244
1370223753140,1246,/got2go.php,200,OK,Thread Group 1-4,text,true,441,1246
1370223753290,1235,/fetchuserreview.php,200,OK,Thread Group 1-6,text,true,341,1235
1370223753481,1082,/fetchuserreview.php,200,OK,Thread Group 1-7,text,true,341,1082
1370223753538,1135,/submithelpful.php,200,OK,Thread Group 1-2,text,true,191,1135
1370223753697,1047,/fetchuserreview.php,200,OK,Thread Group 1-8,text,true,341,1047
1370223753755,1058,/submithelpful.php,200,OK,Thread Group 1-3,text,true,191,1058
1370223753894,1039,/submitreview.php,200,OK,Thread Group 1-1,text,true,191,1039
1370223754044,981,/fetchuserreview.php,200,OK,Thread Group 1-9,text,true,341,981
1370223754175,905,/fetchreviews.php,200,OK,Thread Group 1-10,text,true,934,905
1370223754328,845,/lavasearch.php,200,OK,Thread Group 1-5,text,true,2808,845
1370223754389,825,/lavasearch.php,200,OK,Thread Group 1-4,text,true,2808,825
1370223754528,728,/got2go.php,200,OK,Thread Group 1-6,text,true,441,727
1370223754566,817,/got2go.php,200,OK,Thread Group 1-7,text,true,441,817
1370223754676,773,/submitreview.php,200,OK,Thread Group 1-2,text,true,191,773
1370223754749,824,/got2go.php,200,OK,Thread Group 1-8,text,true,441,824
1370223754818,828,/submitreview.php,200,OK,Thread Group 1-3,text,true,191,828
1370223754935,766,/updatelava.php,200,OK,Thread Group 1-1,text,true,191,766
1370223755030,797,/got2go.php,200,OK,Thread Group 1-9,text,true,441,797
1370223755087,799,/fetchuserreview.php,200,OK,Thread Group 1-10,text,true,341,799
1370223755175,843,/submithelpful.php,200,OK,Thread Group 1-5,text,true,191,843
1370223755258,821,/lavasearch.php,200,OK,Thread Group 1-6,text,true,2808,821
1370223755218,1038,/submithelpful.php,200,OK,Thread Group 1-4,text,true,191,1038
1370223755386,941,/lavasearch.php,200,OK,Thread Group 1-7,text,true,2808,941
1370223755453,970,/updatelava.php,200,OK,Thread Group 1-2,text,true,191,970
1370223755576,900,/lavasearch.php,200,OK,Thread Group 1-8,text,true,2808,900
1370223755649,888,/updatelava.php,200,OK,Thread Group 1-3,text,true,191,888
1370223755703,962,/addlava.php,200,OK,Thread Group 1-1,text,true,191,962
1370223755832,913,/lavasearch.php,200,OK,Thread Group 1-9,text,true,2808,913
1370223755890,894,/got2go.php,200,OK,Thread Group 1-10,text,true,441,894
1370223756021,873,/submitreview.php,200,OK,Thread Group 1-5,text,true,191,873
1370223756083,870,/submithelpful.php,200,OK,Thread Group 1-6,text,true,191,870
1370223756259,848,/submitreview.php,200,OK,Thread Group 1-4,text,true,191,848
1370223756331,943,/submithelpful.php,200,OK,Thread Group 1-7,text,true,191,943
1370223756426,913,/addlava.php,200,OK,Thread Group 1-2,text,true,191,913
1370223756478,931,/submithelpful.php,200,OK,Thread Group 1-8,text,true,191,931
1370223756539,935,/addlava.php,200,OK,Thread Group 1-3,text,true,191,935
1370223756668,919,/deletelava.php,200,OK,Thread Group 1-1,text,true,191,919
1370223756749,885,/submithelpful.php,200,OK,Thread Group 1-9,text,true,191,885
1370223756787,903,/lavasearch.php,200,OK,Thread Group 1-10,text,true,2808,903
1370223756897,922,/updatelava.php,200,OK,Thread Group 1-5,text,true,191,922
1370223756957,948,/submitreview.php,200,OK,Thread Group 1-6,text,true,191,948
1370223757112,925,/updatelava.php,200,OK,Thread Group 1-4,text,true,191,925
1370223757343,733,/deletelava.php,200,OK,Thread Group 1-2,text,true,191,733
1370223757276,863,/submitreview.php,200,OK,Thread Group 1-7,text,true,191,863
1370223757411,873,/submitreview.php,200,OK,Thread Group 1-8,text,true,191,873
1370223757591,890,/fetchreviews.php,200,OK,Thread Group 1-1,text,true,934,890
1370223757477,1050,/deletelava.php,200,OK,Thread Group 1-3,text,true,191,1050
1370223757637,1011,/submitreview.php,200,OK,Thread Group 1-9,text,true,191,1011
1370223757693,993,/submithelpful.php,200,OK,Thread Group 1-10,text,true,191,993
1370223757823,888,/addlava.php,200,OK,Thread Group 1-5,text,true,191,888
1370223757908,844,/updatelava.php,200,OK,Thread Group 1-6,text,true,191,844
1370223758040,893,/addlava.php,200,OK,Thread Group 1-4,text,true,191,893
1370223758078,899,/fetchreviews.php,200,OK,Thread Group 1-2,text,true,934,898
1370223758142,925,/updatelava.php,200,OK,Thread Group 1-7,text,true,191,925
1370223758483,733,/fetchuserreview.php,200,OK,Thread Group 1-1,text,true,341,733
1370223758530,722,/fetchreviews.php,200,OK,Thread Group 1-3,text,true,934,722
1370223758651,627,/updatelava.php,200,OK,Thread Group 1-9,text,true,191,627
1370223758689,640,/submitreview.php,200,OK,Thread Group 1-10,text,true,191,640
1370223758755,615,/addlava.php,200,OK,Thread Group 1-6,text,true,191,615
1370223758287,1188,/updatelava.php,200,OK,Thread Group 1-8,text,true,191,1188
1370223758713,854,/deletelava.php,200,OK,Thread Group 1-5,text,true,191,854
1370223758935,659,/deletelava.php,200,OK,Thread Group 1-4,text,true,191,659
1370223758979,651,/fetchuserreview.php,200,OK,Thread Group 1-2,text,true,339,651
1370223759072,594,/addlava.php,200,OK,Thread Group 1-7,text,true,191,594
1370223759219,485,/got2go.php,200,OK,Thread Group 1-1,text,true,441,485
1370223759257,483,/fetchuserreview.php,200,OK,Thread Group 1-3,text,true,339,483
1370223759281,531,/addlava.php,200,OK,Thread Group 1-9,text,true,191,531
1370223759332,579,/updatelava.php,200,OK,Thread Group 1-10,text,true,191,579
1370223759373,571,/deletelava.php,200,OK,Thread Group 1-6,text,true,191,571
1370223759479,506,/addlava.php,200,OK,Thread Group 1-8,text,true,191,506
1370223759570,462,/fetchreviews.php,200,OK,Thread Group 1-5,text,true,932,462
1370223759597,534,/fetchreviews.php,200,OK,Thread Group 1-4,text,true,932,534
1370223759635,524,/got2go.php,200,OK,Thread Group 1-2,text,true,441,524
1370223759669,518,/deletelava.php,200,OK,Thread Group 1-7,text,true,191,518
1370223759707,518,/lavasearch.php,200,OK,Thread Group 1-1,text,true,2808,518
1370223759743,548,/got2go.php,200,OK,Thread Group 1-3,text,true,441,548
1370223759816,617,/deletelava.php,200,OK,Thread Group 1-9,text,true,191,617
1370223759914,533,/addlava.php,200,OK,Thread Group 1-10,text,true,191,533
1370223759947,540,/fetchreviews.php,200,OK,Thread Group 1-6,text,true,932,540
1370223759987,543,/deletelava.php,200,OK,Thread Group 1-8,text,true,191,543
1370223760035,552,/fetchuserreview.php,200,OK,Thread Group 1-5,text,true,339,552
1370223760134,502,/fetchuserreview.php,200,OK,Thread Group 1-4,text,true,339,502
1370223760162,560,/lavasearch.php,200,OK,Thread Group 1-2,text,true,2808,560
1370223760190,583,/fetchreviews.php,200,OK,Thread Group 1-7,text,true,932,583
1370223760228,595,/submithelpful.php,200,OK,Thread Group 1-1,text,true,191,595
1370223760293,563,/lavasearch.php,200,OK,Thread Group 1-3,text,true,2808,563
1370223760438,559,/fetchreviews.php,200,OK,Thread Group 1-9,text,true,932,559
1370223760449,601,/deletelava.php,200,OK,Thread Group 1-10,text,true,191,601
1370223760492,619,/fetchuserreview.php,200,OK,Thread Group 1-6,text,true,339,619
1370223760533,696,/fetchreviews.php,200,OK,Thread Group 1-8,text,true,932,696
1370223760590,677,/got2go.php,200,OK,Thread Group 1-5,text,true,441,677
1370223760639,652,/got2go.php,200,OK,Thread Group 1-4,text,true,441,652
1370223760726,600,/submithelpful.php,200,OK,Thread Group 1-2,text,true,191,600
1370223760776,633,/fetchuserreview.php,200,OK,Thread Group 1-7,text,true,339,633
1370223760827,644,/submitreview.php,200,OK,Thread Group 1-1,text,true,191,644
1370223760860,660,/submithelpful.php,200,OK,Thread Group 1-3,text,true,191,660
1370223761000,558,/fetchuserreview.php,200,OK,Thread Group 1-9,text,true,341,558
1370223761053,555,/fetchreviews.php,200,OK,Thread Group 1-10,text,true,934,555
1370223761114,602,/got2go.php,200,OK,Thread Group 1-6,text,true,441,602
1370223761232,535,/fetchuserreview.php,200,OK,Thread Group 1-8,text,true,341,535
1370223761270,547,/lavasearch.php,200,OK,Thread Group 1-5,text,true,2808,547
1370223761294,587,/lavasearch.php,200,OK,Thread Group 1-4,text,true,2808,587
1370223761328,601,/submitreview.php,200,OK,Thread Group 1-2,text,true,191,601
1370223761412,551,/got2go.php,200,OK,Thread Group 1-7,text,true,441,551
1370223761474,521,/updatelava.php,200,OK,Thread Group 1-1,text,true,191,521
1370223761523,519,/submitreview.php,200,OK,Thread Group 1-3,text,true,191,519
1370223761561,510,/got2go.php,200,OK,Thread Group 1-9,text,true,441,510
1370223761612,498,/fetchuserreview.php,200,OK,Thread Group 1-10,text,true,341,498
1370223761718,420,/lavasearch.php,200,OK,Thread Group 1-6,text,true,2808,420
1370223761770,403,/got2go.php,200,OK,Thread Group 1-8,text,true,441,403
1370223761819,398,/submithelpful.php,200,OK,Thread Group 1-5,text,true,191,398
1370223761884,479,/submithelpful.php,200,OK,Thread Group 1-4,text,true,191,479
1370223761932,490,/updatelava.php,200,OK,Thread Group 1-2,text,true,191,490
1370223761966,501,/lavasearch.php,200,OK,Thread Group 1-7,text,true,2808,501
1370223761998,578,/addlava.php,200,OK,Thread Group 1-1,text,true,191,578
1370223762045,583,/updatelava.php,200,OK,Thread Group 1-3,text,true,191,583
1370223762074,769,/lavasearch.php,200,OK,Thread Group 1-9,text,true,2808,769
1370223762113,768,/got2go.php,200,OK,Thread Group 1-10,text,true,441,768
1370223762141,854,/submithelpful.php,200,OK,Thread Group 1-6,text,true,191,854
1370223762176,855,/lavasearch.php,200,OK,Thread Group 1-8,text,true,2808,855
1370223762224,858,/submitreview.php,200,OK,Thread Group 1-5,text,true,191,858
1370223762366,804,/submitreview.php,200,OK,Thread Group 1-4,text,true,191,804
1370223762425,815,/addlava.php,200,OK,Thread Group 1-2,text,true,191,815
1370223762469,931,/submithelpful.php,200,OK,Thread Group 1-7,text,true,191,931
1370223762579,1022,/deletelava.php,200,OK,Thread Group 1-1,text,true,191,1022
1370223762630,1006,/addlava.php,200,OK,Thread Group 1-3,text,true,191,1006
1370223762846,832,/submithelpful.php,200,OK,Thread Group 1-9,text,true,191,832
1370223762883,821,/lavasearch.php,200,OK,Thread Group 1-10,text,true,2808,821
1370223762999,746,/submitreview.php,200,OK,Thread Group 1-6,text,true,191,746
1370223763038,747,/submithelpful.php,200,OK,Thread Group 1-8,text,true,191,747
1370223763086,812,/updatelava.php,200,OK,Thread Group 1-5,text,true,191,812
1370223763173,754,/updatelava.php,200,OK,Thread Group 1-4,text,true,191,754
1370223763244,724,/deletelava.php,200,OK,Thread Group 1-2,text,true,191,724
1370223763403,634,/submitreview.php,200,OK,Thread Group 1-7,text,true,191,634
1370223763603,509,/fetchreviews.php,200,OK,Thread Group 1-1,text,true,934,509
1370223763640,541,/deletelava.php,200,OK,Thread Group 1-3,text,true,191,541
1370223763681,556,/submitreview.php,200,OK,Thread Group 1-9,text,true,191,556
1370223763707,579,/submithelpful.php,200,OK,Thread Group 1-10,text,true,191,579
1370223763748,567,/updatelava.php,200,OK,Thread Group 1-6,text,true,191,567
1370223763788,586,/submitreview.php,200,OK,Thread Group 1-8,text,true,191,586
1370223763900,634,/addlava.php,200,OK,Thread Group 1-5,text,true,191,634
1370223763930,644,/addlava.php,200,OK,Thread Group 1-4,text,true,191,644
1370223763970,674,/fetchreviews.php,200,OK,Thread Group 1-2,text,true,934,674
1370223764115,570,/fetchuserreview.php,200,OK,Thread Group 1-1,text,true,341,570
1370223764183,545,/fetchreviews.php,200,OK,Thread Group 1-3,text,true,934,545
1370223764040,727,/updatelava.php,200,OK,Thread Group 1-7,text,true,191,727
1370223764240,558,/updatelava.php,200,OK,Thread Group 1-9,text,true,191,558
1370223764290,701,/submitreview.php,200,OK,Thread Group 1-10,text,true,191,701
1370223764318,858,/addlava.php,200,OK,Thread Group 1-6,text,true,191,858
1370223764377,831,/updatelava.php,200,OK,Thread Group 1-8,text,true,191,831
1370223764537,706,/deletelava.php,200,OK,Thread Group 1-5,text,true,191,706
1370223764577,695,/deletelava.php,200,OK,Thread Group 1-4,text,true,191,695
1370223764647,666,/fetchuserreview.php,200,OK,Thread Group 1-2,text,true,341,666
1370223764688,671,/got2go.php,200,OK,Thread Group 1-1,text,true,441,671
1370223764733,664,/fetchuserreview.php,200,OK,Thread Group 1-3,text,true,341,664
1370223764770,742,/addlava.php,200,OK,Thread Group 1-7,text,true,191,742
1370223764801,766,/addlava.php,200,OK,Thread Group 1-9,text,true,191,766
1370223764997,598,/updatelava.php,200,OK,Thread Group 1-10,text,true,191,598
1370223765179,467,/deletelava.php,200,OK,Thread Group 1-6,text,true,191,467
1370223765211,561,/addlava.php,200,OK,Thread Group 1-8,text,true,191,561
1370223765245,566,/fetchreviews.php,200,OK,Thread Group 1-5,text,true,934,566
1370223765276,575,/fetchreviews.php,200,OK,Thread Group 1-4,text,true,934,575
1370223765317,567,/got2go.php,200,OK,Thread Group 1-2,text,true,441,567
1370223765365,545,/lavasearch.php,200,OK,Thread Group 1-1,text,true,2808,545
1370223765403,533,/got2go.php,200,OK,Thread Group 1-3,text,true,441,533
1370223765515,458,/deletelava.php,200,OK,Thread Group 1-7,text,true,191,458
1370223765597,428,/addlava.php,200,OK,Thread Group 1-10,text,true,191,428
1370223765649,441,/fetchreviews.php,200,OK,Thread Group 1-6,text,true,934,441
1370223765569,569,/deletelava.php,200,OK,Thread Group 1-9,text,true,191,569
1370223765775,418,/deletelava.php,200,OK,Thread Group 1-8,text,true,191,418
1370223765813,415,/fetchuserreview.php,200,OK,Thread Group 1-5,text,true,341,415
1370223765853,402,/fetchuserreview.php,200,OK,Thread Group 1-4,text,true,341,402
1370223765887,400,/lavasearch.php,200,OK,Thread Group 1-2,text,true,2808,400
1370223765913,416,/submithelpful.php,200,OK,Thread Group 1-1,text,true,191,416
1370223765939,472,/lavasearch.php,200,OK,Thread Group 1-3,text,true,2808,472
1370223765976,497,/fetchreviews.php,200,OK,Thread Group 1-7,text,true,934,497
1370223766028,491,/deletelava.php,200,OK,Thread Group 1-10,text,true,191,491
1370223766095,524,/fetchuserreview.php,200,OK,Thread Group 1-6,text,true,341,524
1370223766141,511,/fetchreviews.php,200,OK,Thread Group 1-9,text,true,934,511
1370223766195,499,/fetchreviews.php,200,OK,Thread Group 1-8,text,true,934,499
1370223766231,497,/got2go.php,200,OK,Thread Group 1-5,text,true,441,497
1370223766259,502,/got2go.php,200,OK,Thread Group 1-4,text,true,441,502
1370223766291,504,/submithelpful.php,200,OK,Thread Group 1-2,text,true,191,504
1370223766332,527,/submitreview.php,200,OK,Thread Group 1-1,text,true,191,527
1370223766414,506,/submithelpful.php,200,OK,Thread Group 1-3,text,true,191,506
1370223766476,485,/fetchuserreview.php,200,OK,Thread Group 1-7,text,true,341,485
1370223766522,627,/fetchreviews.php,200,OK,Thread Group 1-10,text,true,934,627
1370223766623,570,/got2go.php,200,OK,Thread Group 1-6,text,true,441,570
1370223766656,632,/fetchuserreview.php,200,OK,Thread Group 1-9,text,true,341,632
1370223766697,638,/fetchuserreview.php,200,OK,Thread Group 1-8,text,true,341,638
1370223766731,641,/lavasearch.php,200,OK,Thread Group 1-5,text,true,2808,641
1370223766763,642,/lavasearch.php,200,OK,Thread Group 1-4,text,true,2808,642
1370223766798,644,/submitreview.php,200,OK,Thread Group 1-2,text,true,191,644
1370223766861,610,/updatelava.php,200,OK,Thread Group 1-1,text,true,191,610
1370223766923,692,/submitreview.php,200,OK,Thread Group 1-3,text,true,191,692
1370223766965,707,/got2go.php,200,OK,Thread Group 1-7,text,true,441,707
1370223767152,587,/fetchuserreview.php,200,OK,Thread Group 1-10,text,true,341,587
1370223767195,707,/lavasearch.php,200,OK,Thread Group 1-6,text,true,2808,707
1370223767292,637,/got2go.php,200,OK,Thread Group 1-9,text,true,441,637
1370223767337,620,/got2go.php,200,OK,Thread Group 1-8,text,true,441,620
1370223767375,674,/submithelpful.php,200,OK,Thread Group 1-5,text,true,191,674
1370223767408,715,/submithelpful.php,200,OK,Thread Group 1-4,text,true,191,715
1370223767445,807,/updatelava.php,200,OK,Thread Group 1-2,text,true,191,807
1370223767474,847,/addlava.php,200,OK,Thread Group 1-1,text,true,191,847
1370223767617,767,/updatelava.php,200,OK,Thread Group 1-3,text,true,191,767
1370223767675,836,/lavasearch.php,200,OK,Thread Group 1-7,text,true,2808,836
1370223767741,839,/got2go.php,200,OK,Thread Group 1-10,text,true,441,839
1370223767905,805,/submithelpful.php,200,OK,Thread Group 1-6,text,true,191,805
1370223767932,815,/lavasearch.php,200,OK,Thread Group 1-9,text,true,2808,815
1370223767961,825,/lavasearch.php,200,OK,Thread Group 1-8,text,true,2808,825
1370223768051,768,/submitreview.php,200,OK,Thread Group 1-5,text,true,191,768
1370223768126,727,/submitreview.php,200,OK,Thread Group 1-4,text,true,191,727
1370223768254,626,/addlava.php,200,OK,Thread Group 1-2,text,true,191,626
1370223768324,598,/deletelava.php,200,OK,Thread Group 1-1,text,true,191,598
1370223768387,563,/addlava.php,200,OK,Thread Group 1-3,text,true,191,563
1370223768513,478,/submithelpful.php,200,OK,Thread Group 1-7,text,true,191,478
1370223768583,677,/lavasearch.php,200,OK,Thread Group 1-10,text,true,2808,676
1370223768713,560,/submitreview.php,200,OK,Thread Group 1-6,text,true,191,560
1370223768750,561,/submithelpful.php,200,OK,Thread Group 1-9,text,true,191,561
1370223768822,523,/updatelava.php,200,OK,Thread Group 1-5,text,true,191,523
1370223768856,518,/updatelava.php,200,OK,Thread Group 1-4,text,true,191,518
1370223768789,624,/submithelpful.php,200,OK,Thread Group 1-8,text,true,191,624
1370223768883,573,/deletelava.php,200,OK,Thread Group 1-2,text,true,191,573
1370223768927,594,/fetchreviews.php,200,OK,Thread Group 1-1,text,true,934,594
1370223768955,605,/deletelava.php,200,OK,Thread Group 1-3,text,true,191,605
1370223768994,647,/submitreview.php,200,OK,Thread Group 1-7,text,true,191,647
1370223769262,423,/submithelpful.php,200,OK,Thread Group 1-10,text,true,191,423
1370223769276,536,/updatelava.php,200,OK,Thread Group 1-6,text,true,191,536
1370223769314,567,/submitreview.php,200,OK,Thread Group 1-9,text,true,191,567
1370223769347,565,/addlava.php,200,OK,Thread Group 1-5,text,true,191,565
1370223769376,635,/addlava.php,200,OK,Thread Group 1-4,text,true,191,635
1370223769416,643,/submitreview.php,200,OK,Thread Group 1-8,text,true,191,643
1370223769459,651,/fetchreviews.php,200,OK,Thread Group 1-2,text,true,934,651
1370223769525,605,/fetchuserreview.php,200,OK,Thread Group 1-1,text,true,341,605
1370223769563,608,/fetchreviews.php,200,OK,Thread Group 1-3,text,true,934,608
1370223769644,556,/updatelava.php,200,OK,Thread Group 1-7,text,true,191,556
1370223769688,578,/submitreview.php,200,OK,Thread Group 1-10,text,true,191,578
1370223769814,565,/addlava.php,200,OK,Thread Group 1-6,text,true,191,565
1370223769883,540,/updatelava.php,200,OK,Thread Group 1-9,text,true,191,540
1370223769915,546,/deletelava.php,200,OK,Thread Group 1-5,text,true,191,546
1370223770013,468,/deletelava.php,200,OK,Thread Group 1-4,text,true,191,468
1370223770063,444,/updatelava.php,200,OK,Thread Group 1-8,text,true,191,444
1370223770112,430,/fetchuserreview.php,200,OK,Thread Group 1-2,text,true,341,430
1370223770132,434,/got2go.php,200,OK,Thread Group 1-1,text,true,441,434
1370223770174,428,/fetchuserreview.php,200,OK,Thread Group 1-3,text,true,341,428
1370223770203,432,/addlava.php,200,OK,Thread Group 1-7,text,true,191,432
1370223770268,416,/updatelava.php,200,OK,Thread Group 1-10,text,true,191,416
1370223770383,389,/deletelava.php,200,OK,Thread Group 1-6,text,true,191,389
1370223770427,470,/addlava.php,200,OK,Thread Group 1-9,text,true,191,470
1370223770465,471,/fetchreviews.php,200,OK,Thread Group 1-5,text,true,934,471
1370223770486,506,/fetchreviews.php,200,OK,Thread Group 1-4,text,true,934,506
1370223770509,522,/addlava.php,200,OK,Thread Group 1-8,text,true,191,522
1370223770546,579,/got2go.php,200,OK,Thread Group 1-2,text,true,441,579
1370223770569,616,/lavasearch.php,200,OK,Thread Group 1-1,text,true,2808,615
1370223770606,682,/got2go.php,200,OK,Thread Group 1-3,text,true,441,682
1370223770637,691,/deletelava.php,200,OK,Thread Group 1-7,text,true,191,691
1370223770687,683,/addlava.php,200,OK,Thread Group 1-10,text,true,191,683
1370223770775,645,/fetchreviews.php,200,OK,Thread Group 1-6,text,true,934,645
1370223770900,564,/deletelava.php,200,OK,Thread Group 1-9,text,true,191,564
1370223770939,575,/fetchuserreview.php,200,OK,Thread Group 1-5,text,true,341,575
1370223770995,633,/fetchuserreview.php,200,OK,Thread Group 1-4,text,true,341,633
1370223771033,642,/deletelava.php,200,OK,Thread Group 1-8,text,true,191,642
1370223771127,589,/lavasearch.php,200,OK,Thread Group 1-2,text,true,2808,589
1370223771187,604,/submithelpful.php,200,OK,Thread Group 1-1,text,true,191,604
1370223771292,611,/lavasearch.php,200,OK,Thread Group 1-3,text,true,2808,611
1370223771331,612,/fetchreviews.php,200,OK,Thread Group 1-7,text,true,934,612
1370223771373,627,/deletelava.php,200,OK,Thread Group 1-10,text,true,191,627
1370223771468,660,/fetchreviews.php,200,OK,Thread Group 1-9,text,true,934,660
1370223771517,660,/got2go.php,200,OK,Thread Group 1-5,text,true,441,660
1370223771424,783,/fetchuserreview.php,200,OK,Thread Group 1-6,text,true,341,783
1370223771631,604,/got2go.php,200,OK,Thread Group 1-4,text,true,441,604
1370223771678,601,/fetchreviews.php,200,OK,Thread Group 1-8,text,true,934,601
1370223771723,579,/submithelpful.php,200,OK,Thread Group 1-2,text,true,191,579
1370223771795,553,/submitreview.php,200,OK,Thread Group 1-1,text,true,191,553
1370223771906,523,/submithelpful.php,200,OK,Thread Group 1-3,text,true,191,523
1370223771947,523,/fetchuserreview.php,200,OK,Thread Group 1-7,text,true,341,523
1370223772003,510,/fetchreviews.php,200,OK,Thread Group 1-10,text,true,934,510
1370223772132,421,/fetchuserreview.php,200,OK,Thread Group 1-9,text,true,341,421
1370223772180,435,/lavasearch.php,200,OK,Thread Group 1-5,text,true,2808,435
1370223772209,508,/got2go.php,200,OK,Thread Group 1-6,text,true,441,508
1370223772238,622,/lavasearch.php,200,OK,Thread Group 1-4,text,true,2808,622
1370223772282,649,/fetchuserreview.php,200,OK,Thread Group 1-8,text,true,341,649
1370223772306,665,/submitreview.php,200,OK,Thread Group 1-2,text,true,191,665
1370223772351,647,/updatelava.php,200,OK,Thread Group 1-1,text,true,191,647
1370223772432,616,/submitreview.php,200,OK,Thread Group 1-3,text,true,191,616
1370223772473,606,/got2go.php,200,OK,Thread Group 1-7,text,true,441,606
1370223772516,621,/fetchuserreview.php,200,OK,Thread Group 1-10,text,true,341,621
1370223772556,632,/got2go.php,200,OK,Thread Group 1-9,text,true,441,632
1370223772619,711,/submithelpful.php,200,OK,Thread Group 1-5,text,true,191,711
1370223772721,652,/lavasearch.php,200,OK,Thread Group 1-6,text,true,2808,652
1370223772863,542,/submithelpful.php,200,OK,Thread Group 1-4,text,true,191,542
1370223772933,504,/got2go.php,200,OK,Thread Group 1-8,text,true,441,504
1370223772973,491,/updatelava.php,200,OK,Thread Group 1-2,text,true,191,491
1370223773051,448,/updatelava.php,200,OK,Thread Group 1-3,text,true,191,448
1370223773083,463,/lavasearch.php,200,OK,Thread Group 1-7,text,true,2808,463
1370223773142,431,/got2go.php,200,OK,Thread Group 1-10,text,true,441,431
1370223773192,417,/lavasearch.php,200,OK,Thread Group 1-9,text,true,2808,417
1370223773333,347,/submitreview.php,200,OK,Thread Group 1-5,text,true,191,347
1370223773408,320,/submitreview.php,200,OK,Thread Group 1-4,text,true,191,320
1370223773440,325,/lavasearch.php,200,OK,Thread Group 1-8,text,true,2808,325
1370223773376,446,/submithelpful.php,200,OK,Thread Group 1-6,text,true,191,446
1370223773549,398,/submithelpful.php,200,OK,Thread Group 1-7,text,true,191,398
1370223773576,415,/lavasearch.php,200,OK,Thread Group 1-10,text,true,2808,415
1370223773612,417,/submithelpful.php,200,OK,Thread Group 1-9,text,true,191,417
1370223773686,381,/updatelava.php,200,OK,Thread Group 1-5,text,true,191,381
1370223773769,341,/submithelpful.php,200,OK,Thread Group 1-8,text,true,191,341
1370223773825,324,/submitreview.php,200,OK,Thread Group 1-6,text,true,191,324
1370223773950,242,/submitreview.php,200,OK,Thread Group 1-7,text,true,191,242
1370223773994,248,/submithelpful.php,200,OK,Thread Group 1-10,text,true,191,248
1370223774113,311,/submitreview.php,200,OK,Thread Group 1-8,text,true,191,311
1370223774151,418,/updatelava.php,200,OK,Thread Group 1-6,text,true,191,418
1370223774032,637,/submitreview.php,200,OK,Thread Group 1-9,text,true,191,637
1370223774194,508,/updatelava.php,200,OK,Thread Group 1-7,text,true,191,508
1370223773734,1004,/updatelava.php,200,OK,Thread Group 1-4,text,true,191,1004
1370223774244,557,/submitreview.php,200,OK,Thread Group 1-10,text,true,191,557
1370223774427,405,/updatelava.php,200,OK,Thread Group 1-8,text,true,191,405
1370223774672,196,/updatelava.php,200,OK,Thread Group 1-9,text,true,191,196
1370223774804,139,/updatelava.php,200,OK,Thread Group 1-10,text,true,191,139
